索引,RSR排名,Probit,RSR拟合值,分档等级
0,2,5.967421566,0.615013764,5
1,1,6.731664396,0.691229774,6
2,5,4.569272701,0.475579903,3
3,6,4.032578434,0.422056737,3
4,3,5.430727299,0.561490598,4
5,4,5,0.51853525,4
